Stathis Konstantinidis|2672
Stathis Konstantinidis|2632
Stathis Konstantinidis|2759
Stathis Konstantinidis|2752
Stathis Konstantinidis|2647
Stathis Konstantinidis|2656
Stathis Konstantinidis|2665
Stathis Konstantinidis|2625
Stathis Konstantinidis|2618
Stathis Konstantinidis|2639
Stathis Konstantinidis|2217
Stathis Konstantinidis|2534
Stathis Konstantinidis|2541
Stathis Konstantinidis|2548
Stathis Konstantinidis|2555
Stathis Konstantinidis|2151
Stathis Konstantinidis|2144
Stathis Konstantinidis|2245
Eleni Kaldoudi|2745
Eleni Kaldoudi|2738
Eleni Kaldoudi|1563
Eleni Kaldoudi|2448
Eleni Kaldoudi|2597
Eleni Kaldoudi|2583
Eleni Kaldoudi|2590
Eleni Kaldoudi|2604
Eleni Kaldoudi|2611
Giacomo Fazio|1929
Jarkko Mylläri|1880
Jarkko Mylläri|1873
Jarkko Mylläri|1866
Jarkko Mylläri|2393
Jarkko Mylläri|1859
Jarkko Mylläri|2766
Jarkko Mylläri|1852
Jarkko Mylläri|1845
Jarkko Mylläri|1838
Jarkko Mylläri|2780
Jarkko Mylläri|1887
Jarkko Mylläri|2386
Jarkko Mylläri|2379
Jarkko Mylläri|2372
Jarkko Mylläri|2365
Jarkko Mylläri|2358
Jarkko Mylläri|2773
Jarkko Mylläri|2787
Jarkko Mylläri|1908
Jarkko Mylläri|1901
Jarkko Mylläri|1894
Jarkko Mylläri|1824
Jarkko Mylläri|1160
Jarkko Mylläri|1146
Jarkko Mylläri|1328
Chara Balasubramaniam|838
Álvaro Salvá|1983
Álvaro Salvá|1976
Álvaro Salvá|2045
Álvaro Salvá|2032
Álvaro Salvá|2025
Álvaro Salvá|2018
Álvaro Salvá|1990
Álvaro Salvá|1464
Álvaro Salvá|1997
Álvaro Salvá|2004
Álvaro Salvá|2073
Álvaro Salvá|1969
Álvaro Salvá|2066
Álvaro Salvá|2059
Álvaro Salvá|2052
Álvaro Salvá|1471
Álvaro Salvá|2011
Daniela Giordano|1104
Daniela Giordano|973
Daniela Giordano|2499
Daniela Giordano|2464
Daniela Giordano|2471
Daniela Giordano|2492
Evangelia Mitsopoulou|2280
Evangelia Mitsopoulou|2252
Evangelia Mitsopoulou|2351
Evangelia Mitsopoulou|1255
Evangelia Mitsopoulou|1234
Evangelia Mitsopoulou|2259
Evangelia Mitsopoulou|2266
Evangelia Mitsopoulou|2344
Evangelia Mitsopoulou|2337
Evangelia Mitsopoulou|2330
Evangelia Mitsopoulou|2323
Evangelia Mitsopoulou|2316
Evangelia Mitsopoulou|2287
Evangelia Mitsopoulou|2294
Evangelia Mitsopoulou|1227
Evangelia Mitsopoulou|1220
Evangelia Mitsopoulou|3227
Evangelia Mitsopoulou|3234
Evangelia Mitsopoulou|3204
Evangelia Mitsopoulou|3241
Evangelia Mitsopoulou|2273
Evangelia Mitsopoulou|3262
Evangelia Mitsopoulou|3215
Evangelia Mitsopoulou|3255
Evangelia Mitsopoulou|3248
Pascal Staccini|1615
Pascal Staccini|2436
Pascal Staccini|1638
Pascal Staccini|1715
Pascal Staccini|1659
Pascal Staccini|1666
Pascal Staccini|1680
Pascal Staccini|2429
Pascal Staccini|1722
Pascal Staccini|1687
Pascal Staccini|1694
Pascal Staccini|1708
Charalampos Bratsas|2122
Charalampos Bratsas|2101
Charalampos Bratsas|2165
Charalampos Bratsas|2200
Charalampos Bratsas|2172
Charalampos Bratsas|2186
Charalampos Bratsas|2115
Charalampos Bratsas|2108
Laurent Auneau|2717
Laurent Auneau|2724
Laurent Auneau|2731
Laurent Auneau|2238
Athos Antoniades|2224
Athos Antoniades|2130
Athos Antoniades|2179
Athos Antoniades|2208
Eleni Dafli|1593
Eleni Dafli|2562
Eleni Dafli|1570
Eleni Dafli|1527
Eleni Dafli|1535
David Panzoli|1944
David Panzoli|1403
David Panzoli|1410
David Panzoli|1419
Teodor Stefanut|1768
Teodor Stefanut|1782
Teodor Stefanut|1796
Teodor Stefanut|1817
Teodor Stefanut|2401
Teodor Stefanut|1831
Teodor Stefanut|1761
Teodor Stefanut|2794
Teodor Stefanut|2422
Teodor Stefanut|2836
Teodor Stefanut|1775
Teodor Stefanut|2829
Teodor Stefanut|1384
Teodor Stefanut|2231
Teodor Stefanut|2302
Dora Edreva|2843
Dora Edreva|2850
Dora Edreva|3160
Dora Edreva|3167
Dora Edreva|3153
Dora Edreva|3146
Dora Edreva|1810
Dora Edreva|3176
Dora Edreva|3183
Dora Edreva|1803
Dora Edreva|1489
Dora Edreva|3190
Panos Bamidis|1608
Margy Koffa|1958
Pavlos Agianian|1951
Ploumis Passadakis|2309
paola campione|2979
paola campione|2415
Manuela Pennisi|2527
Manuela Pennisi|2506
Manuela Pennisi|2569
Manuela Pennisi|2513
Manuela Pennisi|2576
Manuela Pennisi|2681
Manuela Pennisi|2688
Manuela Pennisi|2485
Manuela Pennisi|2478
Manuela Pennisi|2520
Denisa Rodila|2822
Denisa Rodila|2815
Victor Bacu|2801
George M. Spyrou|3032
Timo Kuusi|3284
<